"Summary","Description","Issue Type","Status","Priority","Labels"
"01.1 - Configurer l'accès à TMDB","Configurer l'authentification TMDB et les variables d'environnement sans publier les identifiants. Livrable : notebooks/01_extraction.ipynb.","Task","Done","Medium","step-01-extraction"
"01.2 - Extraire le catalogue de films","Récupérer les informations des films avec pagination et gestion des réponses HTTP. Livrable : notebooks/01_extraction.ipynb.","Task","Done","Medium","step-01-extraction"
"01.3 - Conserver les données brutes","Sauvegarder les réponses JSON et réutiliser le cache pour limiter les appels à l'API. Livrable : data/raw/tmdb_raw.json.","Task","Done","Medium","step-01-extraction"
"02.1 - Nettoyer et structurer les données","Traiter les valeurs manquantes et les doublons; convertir les dates et vérifier les incohérences. Livrables : notebooks/02_cleaning_mongodb.ipynb et data/processed/movies_clean.csv.","Task","Done","Medium","step-02-cleaning"
"02.2 - Stocker les films dans MongoDB","Stocker les documents et utiliser movie_id comme identifiant métier pour les mises à jour. Livrables : notebook MongoDB et étape mongodb de src/pipeline.py.","Task","Done","Medium","step-02-cleaning"
"02.3 - Réaliser les requêtes et agrégations MongoDB","Explorer les films avec des filtres et des agrégations. Livrable : notebooks/02_cleaning_mongodb.ipynb.","Task","Done","Medium","step-02-cleaning"
"03.1 - Analyser les distributions du catalogue","Explorer les notes; la popularité; les genres; les années de sortie et les durées. Livrable : notebooks/03_eda.ipynb.","Task","Done","Medium","step-03-eda"
"03.2 - Analyser les relations entre variables","Étudier les budgets et revenus; les votes et la popularité; les valeurs atypiques et les corrélations. Livrable : notebooks/03_eda.ipynb.","Task","Done","Medium","step-03-eda"
"03.3 - Interpréter les visualisations","Accompagner les graphiques d'observations utiles pour comprendre le catalogue. Livrable : notebooks/03_eda.ipynb.","Task","Done","Medium","step-03-eda"
"04.1 - Créer les variables temporelles et numériques","Créer les variables de date et d'âge du film; les nombres de genres et de mots-clés; la longueur du synopsis. Livrable : notebooks/04_feature_engineering.ipynb.","Task","Done","Medium","step-04-features"
"04.2 - Préparer les variables de genre et de durée","Créer la catégorie de durée; le genre principal et les indicateurs de genres. Livrable : notebooks/04_feature_engineering.ipynb.","Task","Done","Medium","step-04-features"
"04.3 - Exporter les features et vérifier les fuites de données","Exporter les features et distinguer les champs conservés pour l'analyse des entrées autorisées pour le modèle. Livrable : data/processed/movies_features.csv.","Task","Done","Medium","step-04-features"
"05.1 - Préparer les synopsis pour le NLP","Traiter les synopsis manquants et nettoyer le texte avant vectorisation. Livrable : notebooks/05_tfidf.ipynb.","Task","Done","Medium","step-05-tfidf"
"05.2 - Construire la matrice TF-IDF","Transformer overview avec TfidfVectorizer et comprendre les dimensions ainsi que la représentation sparse. Livrable : notebooks/05_tfidf.ipynb.","Task","Done","Medium","step-05-tfidf"
"05.3 - Explorer les paramètres et le vocabulaire TF-IDF","Étudier max_features et ngram_range; examiner les termes du vocabulaire et leurs poids. Livrable : notebooks/05_tfidf.ipynb.","Task","Done","Medium","step-05-tfidf"
"06.1 - Définir la cible high_engagement","Construire la cible à partir de vote_count avec un seuil de 5290 votes; exclure vote_count des entrées du classifieur. Livrable : notebooks/04_classification.ipynb.","Task","Done","Medium","step-06-classification"
"06.2 - Construire le prétraitement du classifieur","Séparer les données; intégrer l'imputation et l'encodage catégoriel avec Pipeline et ColumnTransformer. Livrables : notebooks/04_classification.ipynb.","Task","Done","Medium","step-06-classification"
"06.3 - Comparer trois modèles de classification","Comparer Logistic Regression; Random Forest et Linear SVM. Livrables : notebooks/04_classification.ipynb.","Task","Done","Medium","step-06-classification"
"06.4 - Évaluer les performances de classification","Analyser Accuracy; Precision; Recall; F1; ROC-AUC et la matrice de confusion. Documenter les limites du jeu de test déjà utilisé pendant le développement.","Task","Done","Medium","step-06-classification"
